YEAR,MONTH,DAY,DAY_OF_WEEK,AIRLINE,FLIGHT_NUMBER,TAIL_NUMBER,ORIGIN_AIRPORT,DESTINATION_AIRPORT,SCHEDULED_DEPARTURE,DEPARTURE_TIME,DEPARTURE_DELAY,TAXI_OUT,WHEELS_OFF,SCHEDULED_TIME,ELAPSED_TIME,AIR_TIME,DISTANCE,WHEELS_ON,TAXI_IN,SCHEDULED_ARRIVAL,ARRIVAL_TIME,ARRIVAL_DELAY,DIVERTED,CANCELLED,CANCELLATION_REASON,AIR_SYSTEM_DELAY,SECURITY_DELAY,AIRLINE_DELAY,LATE_AIRCRAFT_DELAY,WEATHER_DELAY
2015,1,1,4,AS,98,N407AS,ANC,SEA,0005,2354,-11,21,0015,205,194,169,1448,0404,4,0430,0408,-22,0,0,,,,,,
2015,1,1,4,AA,2336,N3KUAA,LAX,PBI,0010,0002,-8,12,0014,280,279,263,2330,0737,4,0750,0741,-9,0,0,,,,,,
2015,1,1,4,US,840,N171US,SFO,CLT,0020,0018,-2,16,0034,286,293,266,2296,0800,11,0806,0811,5,0,0,,,,,,
2015,1,1,4,AA,258,N3HYAA,LAX,MIA,0020,0015,-5,15,0030,285,281,258,2342,0748,8,0805,0756,-9,0,0,,,,,,
2015,1,1,4,AS,135,N527AS,SEA,ANC,0025,0024,-1,11,0035,235,215,199,1448,0254,5,0320,0259,-21,0,0,,,,,,
2015,1,1,4,DL,806,N3730B,SFO,MSP,0025,0020,-5,18,0038,217,230,206,1589,0604,6,0602,0610,8,0,0,,,,,,
2015,1,1,4,NK,612,N635NK,LAS,MSP,0025,0019,-6,11,0030,181,170,154,1299,0504,5,0526,0509,-17,0,0,,,,,,
2015,1,1,4,US,2013,N584UW,LAX,CLT,0030,0044,14,13,0057,273,249,228,2125,0745,8,0803,0753,-10,0,0,,,,,,
2015,1,1,4,AA,1112,N3LAAA,SFO,DFW,0030,0019,-11,17,0036,195,193,173,1464,0529,3,0545,0532,-13,0,0,,,,,,
2015,1,1,4,DL,1173,N826DN,LAS,ATL,0030,0033,3,12,0045,221,203,186,1747,0651,5,0711,0656,-15,0,0,,,,,,
2015,1,1,4,DL,2336,N958DN,DEN,ATL,0030,0024,-6,12,0036,173,149,133,1199,0449,4,0523,0453,-30,0,0,,,,,,
2015,1,1,4,AA,1674,N853AA,LAS,MIA,0035,0027,-8,21,0048,268,266,238,2174,0746,7,0803,0753,-10,0,0,,,,,,
2015,1,1,4,DL,1434,N547US,LAX,MSP,0035,0035,0,18,0053,214,210,188,1535,0601,4,0609,0605,-4,0,0,,,,,,
2015,1,1,4,DL,2324,N3751B,SLC,ATL,0040,0034,-6,18,0052,215,199,176,1590,0548,5,0615,0553,-22,0,0,,,,,,
2015,1,1,4,DL,2440,N651DL,SEA,MSP,0040,0039,-1,28,0107,189,198,166,1399,0553,4,0549,0557,8,0,0,,,,,,
2015,1,1,4,AS,108,N309AS,ANC,SEA,0045,0041,-4,17,0058,204,194,173,1448,0451,4,0509,0455,-14,0,0,,,,,,
2015,1,1,4,DL,1560,N3743H,ANC,SEA,0045,0031,-14,25,0056,210,200,171,1448,0447,4,0515,0451,-24,0,0,,,,,,
2015,1,1,4,UA,1197,N78448,SFO,IAH,0048,0042,-6,11,0053,218,217,199,1635,0612,7,0626,0619,-7,0,0,,,,,,
2015,1,1,4,AS,122,N413AS,ANC,PDX,0050,0046,-4,11,0057,215,201,187,1542,0504,3,0525,0507,-18,0,0,,,,,,
2015,1,1,4,DL,1670,N806DN,PDX,MSP,0050,0045,-5,9,0054,193,186,171,1426,0545,6,0603,0551,-12,0,0,,,,,,
2015,1,1,4,NK,520,N525NK,LAS,MCI,0055,0120,25,11,0131,162,143,128,1139,0539,4,0537,0543,6,0,0,,,,,,
2015,1,1,4,AA,371,N3GXAA,SEA,MIA,0100,0052,-8,30,0122,338,347,311,2724,0933,6,0938,0939,1,0,0,,,,,,
2015,1,1,4,NK,214,N632NK,LAS,DFW,0103,0102,-1,13,0115,147,147,128,1055,0523,6,0530,0529,-1,0,0,,,,,,
2015,1,1,4,AA,115,N3CTAA,LAX,MIA,0105,0103,-2,14,0117,286,276,255,2342,0832,7,0851,0839,-12,0,0,,,,,,
2015,1,1,4,DL,1450,N671DN,LAS,MSP,0105,0102,-3,11,0113,183,163,150,1299,0543,2,0608,0545,-23,0,0,,,,,,
2015,1,1,4,UA,1545,N76517,LAX,IAH,0115,0112,-3,11,0123,183,175,156,1379,0559,8,0618,0607,-11,0,0,,,,,,
2015,1,1,4,AS,130,N457AS,FAI,SEA,0115,0107,-8,25,0132,213,218,186,1533,0538,7,0548,0545,-3,0,0,,,,,,
2015,1,1,4,NK,597,N528NK,MSP,FLL,0115,0127,12,14,0141,207,220,166,1487,0527,40,0542,0607,25,0,0,,25,0,0,0,0
2015,1,1,4,US,413,N571UW,LAS,CLT,0120,0110,-10,12,0122,245,224,205,1916,0747,7,0825,0754,-31,0,0,,,,,,
2015,1,1,4,AA,2392,N3HRAA,DEN,MIA,0120,0141,21,12,0153,227,208,188,1709,0701,8,0707,0709,2,0,0,,,,,,
2015,1,1,4,NK,168,N629NK,PHX,ORD,0125,0237,72,9,0246,204,175,156,1440,0622,10,0549,0632,43,0,0,,43,0,0,0,0
2015,1,1,4,AA,2211,N3CGAA,PHX,MIA,0127,0116,-11,10,0126,239,234,217,1972,0703,7,0726,0710,-16,0,0,,,,,,
2015,1,1,4,AS,136,N431AS,ANC,SEA,0135,,,,,205,,,1448,,,0600,,,0,1,A,,,,,
2015,1,1,4,DL,95,N320US,SLC,ATL,0140,0134,-6,43,0217,215,231,182,1590,0719,6,0715,0725,10,0,0,,,,,,
2015,1,1,4,NK,298,N514NK,LAS,IAH,0144,0140,-4,10,0150,170,170,148,1222,0618,12,0634,0630,-4,0,0,,,,,,
2015,1,1,4,HA,17,N389HA,LAS,HNL,0145,0145,0,16,0201,370,385,361,2762,0602,8,0555,0610,15,0,0,,0,0,15,0,0
2015,1,1,4,US,617,N804AW,ANC,PHX,0152,0143,-9,21,0204,323,322,298,2552,0902,3,0915,0905,-10,0,0,,,,,,
2015,1,1,4,UA,1528,N76519,SJU,EWR,0154,0157,3,12,0209,255,241,220,1608,0449,9,0509,0458,-11,0,0,,,,,,
2015,1,1,4,AS,134,N464AS,ANC,SEA,0155,0140,-15,17,0157,218,198,170,1448,0547,11,0633,0558,-35,0,0,,,,,,
2015,1,1,4,B6,304,N607JB,SJU,JFK,0155,0153,-2,12,0205,235,248,231,1598,0456,5,0450,0501,11,0,0,,,,,,
2015,1,1,4,NK,451,N633NK,PBG,FLL,0155,0139,-16,10,0149,208,191,174,1334,0443,7,0523,0450,-33,0,0,,,,,,
2015,1,1,4,NK,972,N606NK,PHX,DFW,0159,0158,-1,11,0209,123,125,103,868,0452,11,0502,0503,1,0,0,,,,,,
2015,1,1,4,AA,2459,N3BDAA,PHX,DFW,0200,,,,,120,,,868,,,0500,,,0,1,B,,,,,
2015,1,1,4,AS,144,N514AS,ANC,PDX,0200,0150,-10,24,0214,210,209,182,1542,0616,3,0630,0619,-11,0,0,,,,,,
2015,1,1,4,NK,647,N630NK,IAG,FLL,0200,0155,-5,21,0216,184,178,149,1176,0445,8,0504,0453,-11,0,0,,,,,,
2015,1,1,4,B6,1990,N597JB,SJU,EWR,0206,0152,-14,19,0211,246,264,239,1608,0510,6,0512,0516,4,0,0,,,,,,
2015,1,1,4,US,699,N172US,PHX,CLT,0220,0209,-11,10,0219,224,199,183,1773,0722,6,0804,0728,-36,0,0,,,,,,
2015,1,1,4,AS,114,N303AS,ANC,SEA,0220,0209,-11,15,0224,200,199,176,1448,0620,8,0640,0628,-12,0,0,,,,,,
2015,1,1,4,B6,668,N653JB,PSE,MCO,0255,0248,-7,10,0258,185,183,169,1179,0447,4,0500,0451,-9,0,0,,,,,,
2015,1,1,4,UA,1162,N37293,BQN,EWR,0259,0258,-1,14,0312,240,247,225,1585,0557,8,0559,0605,6,0,0,,,,,,
2015,1,1,4,B6,1030,N239JB,BQN,MCO,0307,0304,-3,25,0329,173,196,160,1129,0509,11,0500,0520,20,0,0,,20,0,0,0,0
2015,1,1,4,B6,262,N627JB,SJU,BOS,0330,0316,-14,14,0330,245,243,224,1674,0614,5,0635,0619,-16,0,0,,,,,,
2015,1,1,4,B6,2134,N307JB,SJU,MCO,0400,0535,95,9,0544,185,175,163,1189,0727,3,0605,0730,85,0,0,,0,0,85,0,0
2015,1,1,4,B6,730,N621JB,BQN,MCO,0419,0423,4,11,0434,174,163,148,1129,0602,4,0613,0606,-7,0,0,,,,,,
2015,1,1,4,B6,768,N317JB,PSE,MCO,0424,0413,-11,24,0437,186,196,166,1179,0623,6,0630,0629,-1,0,0,,,,,,
2015,1,1,4,B6,2276,N646JB,SJU,BDL,0438,0550,72,15,0605,241,258,237,1666,0902,6,0739,0908,89,0,0,,17,0,72,0,0
2015,1,1,4,US,602,N197UW,ORD,PHX,0500,0459,-1,12,0511,228,232,214,1440,0745,6,0748,0751,3,0,0,,,,,,
2015,1,1,4,AS,695,N607AS,GEG,SEA,0500,0456,-4,22,0518,70,74,39,224,0557,13,0610,0610,0,0,0,,,,,,
2015,1,1,4,HA,102,N492HA,HNL,ITO,0500,0452,-8,10,0502,49,51,35,216,0537,6,0549,0543,-6,0,0,,,,,,
2015,1,1,4,OO,5467,N701BR,ONT,SFO,0500,0513,13,19,0532,89,85,61,363,0633,5,0629,0638,9,0,0,,,,,,
2015,1,1,4,HA,108,N476HA,HNL,KOA,0502,0501,-1,12,0513,42,48,30,163,0543,6,0544,0549,5,0,0,,,,,,
2015,1,1,4,AS,730,N423AS,ANC,SEA,0505,0457,-8,16,0513,205,199,179,1448,0912,4,0930,0916,-14,0,0,,,,,,
2015,1,1,4,HA,206,N484HA,HNL,OGG,0505,0454,-11,10,0504,36,36,20,100,0524,6,0541,0530,-11,0,0,,,,,,
2015,1,1,4,UA,1500,N30401,ORD,IAH,0510,0514,4,23,0537,175,182,147,925,0804,12,0805,0816,11,0,0,,,,,,
2015,1,1,4,AA,1323,N3CXAA,MCO,MIA,0510,0507,-3,14,0521,63,55,38,192,0559,3,0613,0602,-11,0,0,,,,,,
2015,1,1,4,NK,103,N616NK,BOS,MYR,0510,0506,-4,16,0522,140,134,112,738,0714,6,0730,0720,-10,0,0,,,,,,
2015,1,1,4,OO,7404,N8982A,HIB,MSP,0510,0500,-10,37,0537,68,78,35,174,0612,6,0618,0618,0,0,0,,,,,,
2015,1,1,4,OO,7419,N445SW,ABR,MSP,0510,0508,-2,21,0529,69,67,41,257,0610,5,0619,0615,-4,0,0,,,,,,
2015,1,1,4,OO,5254,N746SK,MAF,IAH,0510,,,,,87,,,429,,,0637,,,0,1,B,,,,,
2015,1,1,4,US,480,N676AW,SEA,PHX,0515,0510,-5,15,0525,165,168,146,1107,0851,7,0900,0858,-2,0,0,,,,,,
2015,1,1,4,AA,1057,N3ASAA,DFW,MIA,0515,0703,108,15,0718,161,155,133,1121,1031,7,0856,1038,102,0,0,,0,0,0,0,102
2015,1,1,4,AA,2454,N3ETAA,BOS,MIA,0515,0510,-5,14,0524,208,215,182,1258,0826,19,0843,0845,2,0,0,,,,,,
2015,1,1,4,EV,4354,N12142,MKE,IAH,0515,0517,2,12,0529,178,189,163,984,0812,14,0813,0826,13,0,0,,,,,,
2015,1,1,4,US,425,N174US,PDX,PHX,0520,0620,60,13,0633,150,150,132,1009,0945,5,0850,0950,60,0,0,,0,0,60,0,0
2015,1,1,4,AA,89,N3KVAA,IAH,MIA,0520,0618,58,19,0637,141,137,111,964,0928,7,0841,0935,54,0,0,,0,0,54,0,0
2015,1,1,4,DL,2099,N355NW,BNA,DTW,0520,0511,-9,30,0541,103,106,66,456,0747,10,0803,0757,-6,0,0,,,,,,
2015,1,1,4,EV,4685,N26545,BRO,IAH,0520,0517,-3,15,0532,74,72,49,308,0621,8,0634,0629,-5,0,0,,,,,,
2015,1,1,4,EV,5583,N882AS,VPS,ATL,0520,0514,-6,9,0523,66,57,42,250,0705,6,0726,0711,-15,0,0,,,,,,
2015,1,1,4,OO,5484,N824AS,BOI,SFO,0520,0525,5,24,0549,112,110,79,522,0608,7,0612,0615,3,0,0,,,,,,
2015,1,1,4,OO,7370,N432SW,BJI,MSP,0520,0517,-3,31,0548,60,72,34,199,0622,7,0620,0629,9,0,0,,,,,,
2015,1,1,4,HA,103,N477HA,HNL,LIH,0523,0513,-10,7,0520,37,35,21,102,0541,7,0600,0548,-12,0,0,,,,,,
2015,1,1,4,EV,5187,N720EV,BNA,ATL,0525,0525,0,32,0557,65,70,35,214,0732,3,0730,0735,5,0,0,,,,,,
2015,1,1,4,MQ,2859,N660MQ,SGF,DFW,0525,,,,,95,,,364,,,0700,,,0,1,B,,,,,
2015,1,1,4,UA,1201,N79521,PHL,IAH,0530,0532,2,12,0544,230,234,210,1325,0814,12,0820,0826,6,0,0,,,,,,
2015,1,1,4,UA,1221,N37281,PDX,DEN,0530,0534,4,9,0543,142,142,125,991,0848,8,0852,0856,4,0,0,,,,,,
2015,1,1,4,UA,1607,N36476,SEA,DEN,0530,0529,-1,10,0539,157,157,138,1024,0857,9,0907,0906,-1,0,0,,,,,,
2015,1,1,4,AA,328,N4XKAA,DEN,DFW,0530,0623,53,32,0655,125,138,96,641,0931,10,0835,0941,66,0,0,,13,0,53,0,0
2015,1,1,4,EV,5764,N832AS,SBN,ORD,0530,0527,-3,12,0539,55,44,22,84,0501,10,0525,0511,-14,0,0,,,,,,
2015,1,1,4,F9,1279,N918FR,PHL,MCO,0530,0526,-4,12,0538,160,146,128,861,0746,6,0810,0752,-18,0,0,,,,,,
2015,1,1,4,NK,409,N509NK,ORD,FLL,0530,0526,-4,12,0538,188,167,149,1182,0907,6,0938,0913,-25,0,0,,,,,,
2015,1,1,4,OO,5460,N583SW,RDD,SFO,0530,,,,,90,,,199,,,0700,,,0,1,A,,,,,
2015,1,1,4,OO,6391,N593ML,EUG,DEN,0530,0526,-4,26,0552,163,180,143,996,0915,11,0913,0926,13,0,0,,,,,,
2015,1,1,4,UA,1532,N77066,SFO,DEN,0531,0550,19,15,0605,146,153,127,967,0912,11,0857,0923,26,0,0,,7,0,19,0,0
2015,1,1,4,UA,1167,N66837,ORD,DEN,0533,0540,7,10,0550,167,163,142,888,0712,11,0720,0723,3,0,0,,,,,,
2015,1,1,4,UA,1012,N17245,IAD,IAH,0535,0541,6,12,0553,207,215,194,1190,0807,9,0802,0816,14,0,0,,,,,,
2015,1,1,4,B6,2001,N358JB,BUF,JFK,0535,0530,-5,17,0547,88,78,56,301,0643,5,0703,0648,-15,0,0,,,,,,
2015,1,1,4,B6,2807,N190JB,PWM,JFK,0535,0528,-7,13,0541,85,67,50,273,0631,4,0700,0635,-25,0,0,,,,,,
2015,1,1,4,B6,2023,N324JB,JFK,SJU,0535,0618,43,13,0631,225,201,184,1598,1035,4,1020,1039,19,0,0,,0,0,19,0,0
2015,1,1,4,EV,4557,N12967,CRP,IAH,0535,0523,-12,12,0535,61,52,33,201,0608,7,0636,0615,-21,0,0,,,,,,
2015,1,1,4,EV,5241,N849AS,PIA,DTW,0535,0530,-5,18,0548,88,75,54,346,0742,3,0803,0745,-18,0,0,,,,,,
2015,1,1,4,EV,5498,N132EV,ORD,DTW,0535,0550,15,18,0608,85,67,41,235,0749,8,0800,0757,-3,0,0,,,,,,
2015,1,1,4,OO,6512,N925SW,FAT,LAX,0535,0530,-5,33,0603,75,80,42,209,0645,5,0650,0650,0,0,0,,,,,,
2015,1,1,4,UA,1577,N69813,SMF,DEN,0538,0634,56,26,0700,142,164,129,909,1009,9,0900,1018,78,0,0,,22,0,56,0,0
2015,1,1,4,OO,4986,N719SK,AUS,LAX,0538,0535,-3,16,0551,212,199,173,1242,0644,10,0710,0654,-16,0,0,,,,,,
2015,1,1,4,B6,727,N292JB,BOS,BWI,0540,0536,-4,14,0550,101,84,66,369,0656,4,0721,0700,-21,0,0,,,,,,
2015,1,1,4,B6,1012,N375JB,ORD,BOS,0540,0529,-11,16,0545,136,114,95,867,0820,3,0856,0823,-33,0,0,,,,,,
2015,1,1,4,DL,824,N3736C,PHX,DTW,0540,0808,148,19,0827,223,203,178,1671,1325,6,1123,1331,128,0,0,,0,0,0,0,128
2015,1,1,4,DL,941,N910DN,MCI,ATL,0540,0546,6,11,0557,122,101,84,692,0821,6,0842,0827,-15,0,0,,,,,,
2015,1,1,4,DL,2079,N389DA,BOS,DTW,0540,0537,-3,15,0552,143,125,105,632,0737,5,0803,0742,-21,0,0,,,,,,
2015,1,1,4,EV,3268,N14998,ATL,IAD,0540,0556,16,9,0605,105,103,79,534,0724,15,0725,0739,14,0,0,,,,,,
2015,1,1,4,EV,4160,N11150,JAX,EWR,0540,0531,-9,9,0540,137,132,109,820,0729,14,0757,0743,-14,0,0,,,,,,
2015,1,1,4,OO,6285,N962SW,MFR,DEN,0540,0538,-2,42,0620,161,188,138,964,0938,8,0921,0946,25,0,0,,25,0,0,0,0
2015,1,1,4,OO,5184,N776SK,SLC,IAH,0540,0537,-3,18,0555,193,180,158,1195,0933,4,0953,0937,-16,0,0,,,,,,
2015,1,1,4,OO,6358,N926SW,IDA,DEN,0541,0539,-2,30,0609,104,113,72,458,0721,11,0725,0732,7,0,0,,,,,,
2015,1,1,4,F9,161,N905FR,MSN,DEN,0544,0534,-10,7,0541,145,144,128,826,0649,9,0709,0658,-11,0,0,,,,,,
2015,1,1,4,OO,4833,N554CA,MKE,DTW,0545,0543,-2,10,0553,74,55,36,237,0729,9,0759,0738,-21,0,0,,,,,,
2015,1,1,4,UA,1119,N69810,GEG,DEN,0545,0542,-3,21,0603,139,136,107,836,0850,8,0904,0858,-6,0,0,,,,,,
2015,1,1,4,UA,1237,N65832,SEA,IAH,0545,0541,-4,13,0554,251,266,238,1874,1152,15,1156,1207,11,0,0,,,,,,
2015,1,1,4,UA,1540,N78509,DCA,IAH,0545,0550,5,10,0600,209,197,182,1208,0802,5,0814,0807,-7,0,0,,,,,,
2015,1,1,4,AA,1433,N4YNAA,SAT,DFW,0545,0539,-6,12,0551,65,59,41,247,0632,6,0650,0638,-12,0,0,,,,,,
2015,1,1,4,AA,2299,N3LLAA,JFK,MIA,0545,0640,55,17,0657,185,199,152,1089,0929,30,0850,0959,69,0,0,,14,0,55,0,0
2015,1,1,4,B6,721,N623JB,BOS,PBI,0545,0551,6,16,0607,205,190,170,1197,0857,4,0910,0901,-9,0,0,,,,,,
2015,1,1,4,B6,917,N606JB,BOS,JFK,0545,0543,-2,12,0555,77,66,44,187,0639,10,0702,0649,-13,0,0,,,,,,
2015,1,1,4,B6,939,N794JB,JFK,BQN,0545,0545,0,17,0602,221,202,180,1576,1002,5,1026,1007,-19,0,0,,,,,,
2015,1,1,4,DL,1890,N377DA,DFW,ATL,0545,0603,18,13,0616,124,104,86,731,0842,5,0849,0847,-2,0,0,,,,,,
2015,1,1,4,EV,4646,N29917,CHS,EWR,0545,0540,-5,26,0606,116,122,91,628,0737,5,0741,0742,1,0,0,,,,,,
2015,1,1,4,F9,365,N218FR,MKE,DEN,0545,0621,36,9,0630,161,142,120,896,0730,13,0726,0743,17,0,0,,0,0,17,0,0
2015,1,1,4,F9,117,N933FR,MSP,DEN,0545,0538,-7,15,0553,129,128,104,680,0637,9,0654,0646,-8,0,0,,,,,,
2015,1,1,4,MQ,2926,N932MQ,CHS,DFW,0545,,,,,190,,,987,,,0755,,,0,1,B,,,,,
2015,1,1,4,OO,2599,N435SW,DEN,LAX,0545,0658,73,11,0709,150,133,112,862,0801,10,0715,0811,56,0,0,,0,0,56,0,0
2015,1,1,4,OO,5482,N934SW,SBA,DEN,0545,0542,-3,25,0607,154,167,134,916,0921,8,0919,0929,10,0,0,,,,,,
2015,1,1,4,OO,6457,N560SW,SMX,LAX,0545,,,,,66,,,134,,,0651,,,0,1,A,,,,,
2015,1,1,4,HA,218,N485HA,HNL,KOA,0548,0540,-8,10,0550,42,44,27,163,0617,7,0630,0624,-6,0,0,,,,,,
2015,1,1,4,B6,515,N337JB,BOS,BUF,0549,0540,-9,17,0557,96,99,78,395,0715,4,0725,0719,-6,0,0,,,,,,
2015,1,1,4,UA,228,N439UA,PDX,EWR,0550,0547,-3,10,0557,314,282,263,2434,1320,9,1404,1329,-35,0,0,,,,,,
2015,1,1,4,US,641,N650AW,IND,PHX,0550,0545,-5,12,0557,240,249,234,1488,0751,3,0750,0754,4,0,0,,,,,,
2015,1,1,4,UA,495,N548UA,LAX,DEN,0550,0550,0,11,0601,145,136,118,862,0859,7,0915,0906,-9,0,0,,,,,,
2015,1,1,4,UA,507,N808UA,CLE,IAH,0550,0629,39,11,0640,194,198,170,1091,0830,17,0804,0847,43,0,0,,4,0,39,0,0
2015,1,1,4,UA,1553,N37290,BOS,EWR,0550,0552,2,12,0604,88,67,46,200,0650,9,0718,0659,-19,0,0,,,,,,
2015,1,1,4,US,403,N660AW,DEN,PHX,0550,0550,0,15,0605,119,109,91,602,0736,3,0749,0739,-10,0,0,,,,,,
2015,1,1,4,US,446,N651AW,MCI,PHX,0550,0544,-6,15,0559,178,179,159,1044,0738,5,0748,0743,-5,0,0,,,,,,
2015,1,1,4,AA,1178,N573AA,AUS,DFW,0550,0548,-2,19,0607,60,61,36,190,0643,6,0650,0649,-1,0,0,,,,,,
2015,1,1,4,AA,2410,N3BAAA,LAX,DFW,0550,0600,10,17,0617,180,172,150,1235,1047,5,1050,1052,2,0,0,,,,,,
2015,1,1,4,DL,2453,N966DL,GSP,ATL,0550,0550,0,26,0616,59,59,28,153,0644,5,0649,0649,0,0,0,,,,,,
2015,1,1,4,B6,2228,N231JB,MCO,EWR,0550,0548,-2,12,0600,149,144,127,937,0807,5,0819,0812,-7,0,0,,,,,,
2015,1,1,4,EV,4555,N13133,MCI,IAH,0550,0548,-2,15,0603,135,138,110,643,0753,13,0805,0806,1,0,0,,,,,,
2015,1,1,4,EV,5698,N835AS,BDL,IAD,0550,0543,-7,9,0552,88,76,58,326,0650,9,0718,0659,-19,0,0,,,,,,
2015,1,1,4,MQ,3534,N925MQ,ABI,DFW,0550,,,,,55,,,158,,,0645,,,0,1,B,,,,,
2015,1,1,4,EV,4339,N14179,RIC,IAH,0550,0548,-2,14,0602,205,220,195,1157,0817,11,0815,0828,13,0,0,,,,,,
2015,1,1,4,OO,6204,N917SW,BFL,DEN,0550,0556,6,31,0627,150,164,125,845,0932,8,0920,0940,20,0,0,,14,0,6,0,0
2015,1,1,4,OO,6261,N107SY,SAT,SFO,0550,0557,7,9,0606,249,223,198,1482,0724,16,0759,0740,-19,0,0,,,,,,
2015,1,1,4,OO,5160,N794SK,OMA,IAH,0550,0605,15,16,0621,140,146,120,781,0821,10,0810,0831,21,0,0,,6,0,15,0,0
2015,1,1,4,OO,6224,N956SW,RDM,DEN,0550,0549,-1,12,0601,143,150,130,898,0911,8,0913,0919,6,0,0,,,,,,
2015,1,1,4,B6,860,N656JB,FLL,BDL,0553,0551,-2,10,0601,166,177,162,1173,0843,5,0839,0848,9,0,0,,,,,,
2015,1,1,4,EV,5230,N181PQ,CID,ATL,0554,0554,0,27,0621,131,114,84,694,0845,3,0905,0848,-17,0,0,,,,,,
2015,1,1,4,WN,526,N742SW,SFO,DEN,0555,0553,-2,11,0604,150,150,132,967,0916,7,0925,0923,-2,0,0,,,,,,
2015,1,1,4,UA,1222,N68452,MCO,LAX,0555,0557,2,10,0607,341,343,310,2218,0817,23,0836,0840,4,0,0,,,,,,
2015,1,1,4,UA,1507,N31412,TPA,EWR,0555,0549,-6,9,0558,156,149,131,997,0809,9,0831,0818,-13,0,0,,,,,,
2015,1,1,4,AA,1094,N3DXAA,SEA,DFW,0555,0555,0,24,0619,235,251,216,1660,1155,11,1150,1206,16,0,0,,16,0,0,0,0
2015,1,1,4,AA,1233,N3HXAA,BOS,DFW,0555,0551,-4,15,0606,275,269,243,1562,0909,11,0930,0920,-10,0,0,,,,,,
2015,1,1,4,B6,115,N284JB,SYR,JFK,0555,0550,-5,27,0617,83,75,43,209,0700,5,0718,0705,-13,0,0,,,,,,
2015,1,1,4,B6,185,N334JB,ROC,JFK,0555,0550,-5,20,0610,85,73,48,264,0658,5,0720,0703,-17,0,0,,,,,,
2015,1,1,4,EV,2519,N905EV,TYR,DFW,0555,0546,-9,9,0555,50,50,25,102,0620,16,0645,0636,-9,0,0,,,,,,
2015,1,1,4,EV,3928,N11140,MCI,ORD,0555,0554,-1,19,0613,94,83,58,403,0711,6,0729,0717,-12,0,0,,,,,,
2015,1,1,4,EV,3941,N16561,LAN,ORD,0555,0555,0,27,0622,69,75,39,179,0601,9,0604,0610,6,0,0,,,,,,
2015,1,1,4,EV,5976,N27200,BUF,EWR,0555,0928,213,38,1006,80,93,48,282,1054,7,0715,1101,226,0,0,,13,0,0,0,213
2015,1,1,4,MQ,3161,N5PBMQ,XNA,DFW,0555,,,,,75,,,280,,,0710,,,0,1,B,,,,,
2015,1,1,4,EV,5677,N12563,GSO,EWR,0556,0538,-18,19,0557,94,90,65,445,0702,6,0730,0708,-22,0,0,,,,,,
2015,1,1,4,NK,224,N607NK,ORD,LGA,0556,0547,-9,16,0603,124,160,92,733,0835,52,0900,0927,27,0,0,,27,0,0,0,0
2015,1,1,4,UA,1457,N76529,LAX,IAH,0557,0555,-2,12,0607,192,178,160,1379,1047,6,1109,1053,-16,0,0,,,,,,
2015,1,1,4,AA,1205,N3FKAA,EWR,MIA,0559,0552,-7,22,0614,183,177,149,1085,0843,6,0902,0849,-13,0,0,,,,,,
2015,1,1,4,OO,5547,N910SW,ONT,DEN,0559,0758,119,4,0802,141,138,123,819,1105,11,0920,1116,116,0,0,,0,0,0,0,116
2015,1,1,4,UA,210,N830UA,MSP,DEN,0600,0556,-4,14,0610,139,120,100,680,0650,6,0719,0656,-23,0,0,,,,,,
2015,1,1,4,UA,214,N454UA,PBI,IAH,0600,0555,-5,17,0612,170,172,146,956,0738,9,0750,0747,-3,0,0,,,,,,
2015,1,1,4,UA,247,N462UA,PHX,IAH,0600,0751,111,31,0822,148,160,118,1009,1120,11,0928,1131,123,0,0,,12,0,0,0,111
2015,1,1,4,UA,256,N464UA,RSW,IAH,0600,0600,0,13,0613,156,155,133,861,0726,9,0736,0735,-1,0,0,,,,,,
2015,1,1,4,UA,319,N498UA,EWR,MCO,0600,0603,3,14,0617,173,152,135,937,0832,3,0853,0835,-18,0,0,,,,,,
2015,1,1,4,UA,374,N415UA,OMA,ORD,0600,0612,12,19,0631,97,79,57,416,0728,3,0737,0731,-6,0,0,,,,,,
2015,1,1,4,US,635,N544UW,SMF,PHX,0600,0551,-9,24,0615,110,131,90,647,0845,17,0850,0902,12,0,0,,,,,,
2015,1,1,4,US,646,N654AW,OAK,PHX,0600,0558,-2,28,0626,115,125,88,646,0854,9,0855,0903,8,0,0,,,,,,
2015,1,1,4,US,1941,N708UW,PVD,CLT,0600,0555,-5,11,0606,139,130,114,683,0800,5,0819,0805,-14,0,0,,,,,,
2015,1,1,4,UA,422,N847UA,RNO,DEN,0600,0557,-3,22,0619,130,147,120,804,0919,5,0910,0924,14,0,0,,,,,,
2015,1,1,4,UA,544,N831UA,PIT,IAH,0600,0622,22,19,0641,195,197,175,1117,0836,3,0815,0839,24,0,0,,2,0,22,0,0
2015,1,1,4,UA,1016,N68807,DEN,IAH,0600,0552,-8,11,0603,142,146,114,862,0857,21,0922,0918,-4,0,0,,,,,,
2015,1,1,4,WN,4122,N486WN,BOS,BWI,0600,0556,-4,17,0613,105,83,63,369,0716,3,0745,0719,-26,0,0,,,,,,
2015,1,1,4,WN,4822,N293WN,LAS,BWI,0600,0602,2,10,0612,270,243,230,2106,1302,3,1330,1305,-25,0,0,,,,,,
2015,1,1,4,WN,2215,N249WN,ABQ,HOU,0600,0607,7,29,0636,120,135,103,759,0919,3,0900,0922,22,0,0,,15,0,7,0,0
2015,1,1,4,WN,676,N630WN,PHX,SLC,0600,0601,1,9,0610,95,88,76,507,0726,3,0735,0729,-6,0,0,,,,,,
2015,1,1,4,WN,2787,N910WN,PIT,FLL,0600,0559,-1,9,0608,170,145,132,994,0820,4,0850,0824,-26,0,0,,,,,,
2015,1,1,4,WN,4859,N8641B,PVD,BWI,0600,0606,6,11,0617,100,81,63,327,0720,7,0740,0727,-13,0,0,,,,,,
2015,1,1,4,WN,597,N768SW,SFO,ATL,0600,0554,-6,9,0603,280,270,253,2139,1316,8,1340,1324,-16,0,0,,,,,,
2015,1,1,4,UA,1158,N73445,SFO,ORD,0600,0557,-3,21,0618,257,256,222,1846,1200,13,1217,1213,-4,0,0,,,,,,
2015,1,1,4,UA,1163,N24224,MCO,EWR,0600,0555,-5,10,0605,154,141,126,937,0811,5,0834,0816,-18,0,0,,,,,,
2015,1,1,4,UA,1188,N68822,PDX,IAH,0600,0613,13,11,0624,244,242,224,1825,1208,7,1204,1215,11,0,0,,,,,,
2015,1,1,4,UA,1198,N38451,BOS,ORD,0600,0557,-3,13,0610,173,165,146,867,0736,6,0753,0742,-11,0,0,,,,,,
2015,1,1,4,UA,1224,N87531,SFO,LAX,0600,0605,5,11,0616,88,72,52,337,0708,9,0728,0717,-11,0,0,,,,,,
2015,1,1,4,UA,1296,N37471,SAT,LAX,0600,0616,16,10,0626,207,188,170,1211,0716,8,0727,0724,-3,0,0,,,,,,
2015,1,1,4,UA,1431,N36207,BOS,LAX,0600,0603,3,13,0616,404,396,376,2611,0932,7,0944,0939,-5,0,0,,,,,,
2015,1,1,4,UA,1637,N33294,SEA,EWR,0600,0606,6,10,0616,311,291,268,2402,1344,13,1411,1357,-14,0,0,,,,,,
2015,1,1,4,UA,1735,N66814,LAX,ORD,0600,0607,7,13,0620,250,227,201,1744,1141,13,1210,1154,-16,0,0,,,,,,
2015,1,1,4,US,410,N765US,IAH,PHX,0600,0553,-7,14,0607,170,173,155,1009,0742,4,0750,0746,-4,0,0,,,,,,
2015,1,1,4,US,459,N536UW,MCO,PHX,0600,0557,-3,13,0610,281,294,273,1849,0843,8,0841,0851,10,0,0,,,,,,
2015,1,1,4,US,610,N560UW,SFO,PHX,0600,0557,-3,16,0613,114,120,87,651,0840,17,0854,0857,3,0,0,,,,,,
2015,1,1,4,AA,72,N5EKAA,DFW,MCO,0600,0606,6,18,0624,145,142,120,985,0924,4,0925,0928,3,0,0,,,,,,
2015,1,1,4,AA,196,N3FBAA,MIA,PHL,0600,0604,4,18,0622,164,174,148,1013,0850,8,0844,0858,14,0,0,,,,,,
2015,1,1,4,AA,304,N4XHAA,SLC,DFW,0600,0601,1,33,0634,170,181,137,989,0951,11,0950,1002,12,0,0,,,,,,
2015,1,1,4,AA,175,N3EWAA,DCA,DFW,0600,,,,,215,,,1192,,,0835,,,0,1,B,,,,,
2015,1,1,4,AA,281,N3FXAA,MIA,DFW,0600,0559,-1,14,0613,194,194,166,1121,0759,14,0814,0813,-1,0,0,,,,,,
2015,1,1,4,AA,233,N3BEAA,BWI,MIA,0600,0643,43,21,0704,163,151,124,946,0908,6,0843,0914,31,0,0,,0,0,31,0,0
2015,1,1,4,AA,1100,N3GWAA,DFW,LGA,0600,0554,-6,33,0627,190,191,154,1389,1001,4,1010,1005,-5,0,0,,,,,,
2015,1,1,4,AA,1103,N3HCAA,LGA,DFW,0600,,,,,245,,,1389,,,0905,,,0,1,B,,,,,
2015,1,1,4,AA,1028,N3BFAA,DEN,ORD,0600,0601,1,14,0615,155,127,106,888,0901,7,0935,0908,-27,0,0,,,,,,
2015,1,1,4,AA,1039,N541AA,MCI,DFW,0600,0606,6,13,0619,105,102,80,460,0739,9,0745,0748,3,0,0,,,,,,
2015,1,1,4,AA,1055,N573AA,MCO,DFW,0600,,,,,185,,,985,,,0805,,,0,1,B,,,,,
2015,1,1,4,AA,1180,N3AYAA,SFO,DFW,0600,,,,,210,,,1464,,,1130,,,0,1,B,,,,,
2015,1,1,4,AA,1345,N439AA,TUL,DFW,0600,0556,-4,12,0608,75,68,48,237,0656,8,0715,0704,-11,0,0,,,,,,
2015,1,1,4,AA,1297,N3JYAA,LGA,MIA,0600,0708,68,17,0725,192,174,151,1096,0956,6,0912,1002,50,0,0,,0,0,50,0,0
2015,1,1,4,AA,1411,N585AA,LIT,DFW,0600,0555,-5,12,0607,80,75,56,304,0703,7,0720,0710,-10,0,0,,,,,,
2015,1,1,4,AA,1084,N3GFAA,MIA,LGA,0600,0558,-2,13,0611,175,168,149,1096,0840,6,0855,0846,-9,0,0,,,,,,
2015,1,1,4,AA,1088,N201AA,LAS,DFW,0600,0557,-3,16,0613,160,170,128,1055,1021,26,1040,1047,7,0,0,,,,,,
2015,1,1,4,AA,1534,N4YPAA,PDX,DFW,0600,0556,-4,11,0607,225,226,206,1616,1133,9,1145,1142,-3,0,0,,,,,,
2015,1,1,4,AA,1573,N467AA,TPA,DFW,0600,0554,-6,10,0604,170,156,139,929,0723,7,0750,0730,-20,0,0,,,,,,
2015,1,1,4,AA,1660,N567AA,SMF,DFW,0600,0611,11,29,0640,210,230,190,1431,1150,11,1130,1201,31,0,0,,20,0,11,0,0
2015,1,1,4,AA,2204,N3GKAA,MSY,MIA,0600,0555,-5,12,0607,109,101,82,675,0829,7,0849,0836,-13,0,0,,,,,,
2015,1,1,4,AA,1515,N3HMAA,LAX,ORD,0600,0557,-3,13,0610,245,222,202,1744,1132,7,1205,1139,-26,0,0,,,,,,
2015,1,1,4,AA,2307,N505AA,OMA,DFW,0600,0554,-6,30,0624,120,131,91,583,0755,10,0800,0805,5,0,0,,,,,,
2015,1,1,4,AA,2363,N560AA,OKC,DFW,0600,0610,10,42,0652,65,85,39,175,0731,4,0705,0735,30,0,0,,20,0,10,0,0
2015,1,1,4,AS,81,N577AS,SEA,ANC,0600,0557,-3,25,0622,234,224,195,1448,0837,4,0854,0841,-13,0,0,,,,,,
2015,1,1,4,AS,162,N792AS,FAI,ANC,0600,0544,-16,26,0610,73,80,44,261,0654,10,0713,0704,-9,0,0,,,,,,
2015,1,1,4,AS,200,N767AS,SEA,SJC,0600,0550,-10,21,0611,123,124,99,697,0750,4,0803,0754,-9,0,0,,,,,,
2015,1,1,4,AS,342,N440AS,SEA,OAK,0600,0555,-5,11,0606,119,108,92,671,0738,5,0759,0743,-16,0,0,,,,,,
2015,1,1,4,AS,406,N589AS,PDX,SJC,0600,0555,-5,8,0603,102,94,82,569,0725,4,0742,0729,-13,0,0,,,,,,
2015,1,1,4,AS,477,N453AS,LAX,SEA,0600,0555,-5,21,0616,170,166,141,954,0837,4,0850,0841,-9,0,0,,,,,,
2015,1,1,4,AS,631,N512AS,PHX,SEA,0600,0555,-5,10,0605,175,168,151,1107,0736,7,0755,0743,-12,0,0,,,,,,
2015,1,1,4,AS,683,N618AS,DEN,SEA,0600,0549,-11,16,0605,190,167,137,1024,0722,14,0810,0736,-34,0,0,,,,,,
2015,1,1,4,AS,699,N532AS,GEG,SEA,0600,0558,-2,23,0621,75,80,42,224,0703,15,0715,0718,3,0,0,,,,,,
2015,1,1,4,B6,130,N510JB,RSW,JFK,0600,0557,-3,10,0607,161,162,141,1074,0828,11,0841,0839,-2,0,0,,,,,,
2015,1,1,4,B6,154,N536JB,PBI,JFK,0600,0559,-1,11,0610,154,164,141,1028,0831,12,0834,0843,9,0,0,,,,,,
2015,1,1,4,B6,353,N570JB,JFK,PBI,0600,0554,-6,16,0610,178,162,142,1028,0832,4,0858,0836,-22,0,0,,,,,,
2015,1,1,4,B6,226,N648JB,TPA,JFK,0600,0553,-7,10,0603,151,153,130,1005,0813,13,0831,0826,-5,0,0,,,,,,
2015,1,1,4,B6,272,N556JB,FLL,LGA,0600,0559,-1,16,0615,161,164,143,1076,0838,5,0841,0843,2,0,0,,,,,,
2015,1,1,4,B6,447,N527JB,OAK,LGB,0600,0552,-8,15,0607,80,78,60,353,0707,3,0720,0710,-10,0,0,,,,,,
2015,1,1,4,B6,371,N708JB,LGA,FLL,0600,0600,0,22,0622,183,177,150,1076,0852,5,0903,0857,-6,0,0,,,,,,
2015,1,1,4,B6,583,N531JB,JFK,MCO,0600,0557,-3,16,0613,171,155,135,944,0828,4,0851,0832,-19,0,0,,,,,,
2015,1,1,4,B6,605,N766JB,EWR,FLL,0600,0556,-4,12,0608,180,163,145,1065,0833,6,0900,0839,-21,0,0,,,,,,
2015,1,1,4,B6,525,N645JB,JFK,TPA,0600,0554,-6,21,0615,181,186,157,1005,0852,8,0901,0900,-1,0,0,,,,,,
2015,1,1,4,B6,746,N587JB,PSE,JFK,0600,0557,-3,9,0606,241,239,225,1617,0851,5,0901,0856,-5,0,0,,,,,,
2015,1,1,4,B6,776,N236JB,MSY,JFK,0600,0550,-10,11,0601,168,160,140,1182,0921,9,0948,0930,-18,0,0,,,,,,
2015,1,1,4,B6,794,N519JB,AUS,JFK,0600,0559,-1,16,0615,203,194,175,1521,1010,3,1023,1013,-10,0,0,,,,,,
2015,1,1,4,B6,838,N715JB,BQN,JFK,0600,0601,1,11,0612,232,246,225,1576,0857,10,0852,0907,15,0,0,,14,0,1,0,0
2015,1,1,4,B6,892,N598JB,TPA,BOS,0600,0554,-6,12,0606,173,167,151,1185,0837,4,0853,0841,-12,0,0,,,,,,
2015,1,1,4,B6,1678,N618JB,JAX,JFK,0600,0600,0,14,0614,128,136,109,828,0803,13,0808,0816,8,0,0,,,,,,
2015,1,1,4,B6,1790,N203JB,DCA,BOS,0600,0557,-3,19,0616,84,88,62,399,0718,7,0724,0725,1,0,0,,,,,,
2015,1,1,4,DL,421,N967DL,JFK,ATL,0600,0605,5,18,0623,163,139,117,760,0820,4,0843,0824,-19,0,0,,,,,,
2015,1,1,4,DL,731,N323NB,LGA,DTW,0600,0604,4,10,0614,118,113,97,502,0751,6,0758,0757,-1,0,0,,,,,,
2015,1,1,4,DL,743,N341NW,RNO,SLC,0600,0600,0,31,0631,100,118,68,422,0839,19,0840,0858,18,0,0,,18,0,0,0,0
2015,1,1,4,DL,750,N995AT,BOS,JFK,0600,0556,-4,20,0616,80,76,44,187,0700,12,0720,0712,-8,0,0,,,,,,
2015,1,1,4,DL,809,N931DN,BOS,MSP,0600,0600,0,23,0623,210,212,186,1124,0829,3,0830,0832,2,0,0,,,,,,
2015,1,1,4,DL,904,N3748Y,LGA,ATL,0600,0601,1,11,0612,159,126,111,762,0803,4,0839,0807,-32,0,0,,,,,,
2015,1,1,4,DL,977,N988DL,ORD,ATL,0600,0602,2,19,0621,127,104,80,606,0841,5,0907,0846,-21,0,0,,,,,,
2015,1,1,4,DL,1088,N682DA,ANC,MSP,0600,0557,-3,11,0608,317,280,266,2519,1334,3,1417,1337,-40,0,0,,,,,,
2015,1,1,4,DL,1098,N966AT,ATW,ATL,0600,0601,1,9,0610,143,110,97,765,0847,4,0923,0851,-32,0,0,,,,,,
2015,1,1,4,DL,1205,N612DL,PHX,ATL,0600,0804,124,16,0820,207,190,169,1587,1309,5,1127,1314,107,0,0,,0,0,0,0,107
2015,1,1,4,DL,1234,N912DE,PNS,ATL,0600,0554,-6,8,0602,69,55,41,271,0743,6,0809,0749,-20,0,0,,,,,,
2015,1,1,4,DL,1235,N358NW,MCO,SLC,0600,0554,-6,15,0609,304,300,280,1931,0849,5,0904,0854,-10,0,0,,,,,,
2015,1,1,4,AA,1462,N547AA,ONT,DFW,0600,,,,,180,,,1188,,,1100,,,0,1,B,,,,,
2015,1,1,4,AA,913,N3JVAA,DCA,MIA,0600,0605,5,12,0617,157,151,130,919,0827,9,0837,0836,-1,0,0,,,,,,
2015,1,1,4,DL,1961,N947DN,RIC,ATL,0600,0554,-6,12,0606,113,91,75,481,0721,4,0753,0725,-28,0,0,,,,,,
2015,1,1,4,DL,2154,N813DN,LAX,ATL,0600,0559,-1,12,0611,250,231,213,1947,1244,6,1310,1250,-20,0,0,,,,,,
2015,1,1,4,DL,2282,N974DL,BOS,ATL,0600,0558,-2,21,0619,191,171,144,946,0843,6,0911,0849,-22,0,0,,,,,,
2015,1,1,4,DL,2417,N554NW,LAS,DTW,0600,0559,-1,19,0618,233,212,187,1749,1225,6,1253,1231,-22,0,0,,,,,,
2015,1,1,4,DL,1540,N903DE,OKC,ATL,0600,0550,-10,41,0631,124,131,85,761,0856,5,0904,0901,-3,0,0,,,,,,
2015,1,1,4,DL,1574,N532US,MCO,MSP,0600,0550,-10,12,0602,209,212,196,1310,0818,4,0829,0822,-7,0,0,,,,,,
2015,1,1,4,DL,1700,N952DL,MEM,ATL,0600,0617,17,10,0627,82,59,45,332,0812,4,0822,0816,-6,0,0,,,,,,
2015,1,1,4,DL,1867,N934AT,TUL,ATL,0600,0555,-5,15,0610,118,99,80,674,0830,4,0858,0834,-24,0,0,,,,,,
2015,1,1,4,DL,1937,N905DA,BWI,DTW,0600,0551,-9,18,0609,102,92,69,409,0718,5,0742,0723,-19,0,0,,,,,,
2015,1,1,4,B6,159,N193JB,BOS,PHL,0600,0554,-6,18,0612,99,84,61,280,0713,5,0739,0718,-21,0,0,,,,,,
2015,1,1,4,B6,198,N523JB,MCO,LGA,0600,0557,-3,15,0612,145,150,129,950,0821,6,0825,0827,2,0,0,,,,,,
2015,1,1,4,B6,1502,N535JB,FLL,JFK,0600,0610,10,13,0623,163,170,146,1069,0849,11,0843,0900,17,0,0,,7,0,10,0,0
2015,1,1,4,B6,1504,N640JB,SJU,JFK,0600,0627,27,17,0644,242,274,248,1598,0952,9,0902,1001,59,0,0,,32,0,27,0,0
2015,1,1,4,B6,1600,N351JB,BOS,DCA,0600,0552,-8,17,0609,107,92,72,399,0721,3,0747,0724,-23,0,0,,,,,,
2015,1,1,4,EV,2533,N906EV,TYS,DFW,0600,0559,-1,33,0632,155,166,128,772,0740,5,0735,0745,10,0,0,,,,,,
2015,1,1,4,EV,4213,N17560,MHT,ORD,0600,0555,-5,16,0611,173,174,153,843,0744,5,0753,0749,-4,0,0,,,,,,
2015,1,1,4,EV,4431,N14158,SAV,EWR,0600,0726,86,18,0744,126,125,98,708,0922,9,0806,0931,85,0,0,,85,0,0,0,0
2015,1,1,4,EV,4411,N14568,MEM,EWR,0600,0552,-8,17,0609,158,146,120,946,0909,9,0938,0918,-20,0,0,,,,,,
2015,1,1,4,EV,4756,N13908,CLT,ORD,0600,0559,-1,26,0625,123,142,109,599,0714,7,0703,0721,18,0,0,,18,0,0,0,0
2015,1,1,4,EV,4768,N16987,TYS,IAD,0600,0553,-7,22,0615,85,90,58,419,0713,10,0725,0723,-2,0,0,,,,,,
2015,1,1,4,EV,4740,N11107,GRB,ORD,0600,0556,-4,12,0608,63,57,34,173,0642,11,0703,0653,-10,0,0,,,,,,
2015,1,1,4,EV,5103,N846AS,ABE,DTW,0600,0552,-8,12,0604,113,101,84,425,0728,5,0753,0733,-20,0,0,,,,,,
2015,1,1,4,EV,5275,N861AS,JAN,ATL,0600,0559,-1,12,0611,79,70,51,341,0802,7,0819,0809,-10,0,0,,,,,,
2015,1,1,4,EV,5491,N838AS,OAJ,ATL,0600,0552,-8,23,0615,92,97,69,399,0724,5,0732,0729,-3,0,0,,,,,,
2015,1,1,4,EV,5978,N21129,FAR,ORD,0600,0603,3,37,0640,123,120,78,557,0758,5,0803,0803,0,0,0,,,,,,
2015,1,1,4,EV,5917,N13997,JAN,ORD,0600,0556,-4,13,0609,134,119,99,677,0748,7,0814,0755,-19,0,0,,,,,,
2015,1,1,4,EV,6133,N12996,ERI,ORD,0600,0616,16,11,0627,92,95,79,398,0646,5,0632,0651,19,0,0,,3,0,16,0,0
2015,1,1,4,EV,6082,N12122,ATW,ORD,0600,0600,0,15,0615,63,63,37,160,0652,11,0703,0703,0,0,0,,,,,,
2015,1,1,4,EV,6122,N16559,LEX,ORD,0600,0556,-4,11,0607,90,83,65,323,0612,7,0630,0619,-11,0,0,,,,,,
2015,1,1,4,EV,6143,N12921,CWA,ORD,0600,0550,-10,25,0615,76,83,47,212,0702,11,0716,0713,-3,0,0,,,,,,
2015,1,1,4,F9,865,,MSO,DEN,0600,,,,,120,,,679,,,0800,,,0,1,A,,,,,
2015,1,1,4,F9,1256,,ORD,MIA,0600,,,,,180,,,1197,,,1000,,,0,1,A,,,,,
2015,1,1,4,F9,1104,N211FR,CLE,FLL,0600,0556,-4,10,0606,175,157,142,1062,0828,5,0855,0833,-22,0,0,,,,,,
2015,1,1,4,F9,1057,N919FR,IAH,SFO,0600,0552,-8,16,0608,260,262,237,1635,0805,9,0820,0814,-6,0,0,,,,,,
2015,1,1,4,F9,144,N924FR,SEA,DEN,0600,0605,5,10,0615,153,148,131,1024,0926,7,0933,0933,0,0,0,,,,,,
2015,1,1,4,F9,1056,N929FR,SFO,IAH,0600,0552,-8,15,0607,225,234,209,1635,1136,10,1145,1146,1,0,0,,,,,,
2015,1,1,4,F9,901,N939FR,TTN,ATL,0600,0557,-3,10,0607,139,131,109,701,0756,12,0819,0808,-11,0,0,,,,,,
2015,1,1,4,F9,902,N949FR,ATL,TTN,0600,0619,19,11,0630,110,115,98,701,0808,6,0750,0814,24,0,0,,5,0,19,0,0
2015,1,1,4,HA,202,N491HA,HNL,ITO,0600,0553,-7,12,0605,50,53,36,216,0641,5,0650,0646,-4,0,0,,,,,,
2015,1,1,4,MQ,2898,N514MQ,MAF,DFW,0600,,,,,70,,,309,,,0710,,,0,1,B,,,,,
2015,1,1,4,MQ,2957,N504MQ,AMA,DFW,0600,,,,,80,,,312,,,0720,,,0,1,B,,,,,
2015,1,1,4,MQ,2962,N609MQ,CLL,DFW,0600,,,,,60,,,164,,,0700,,,0,1,B,,,,,
2015,1,1,4,MQ,3014,N908MQ,HOU,DFW,0600,,,,,70,,,247,,,0710,,,0,1,B,,,,,
2015,1,1,4,MQ,3015,N825MQ,DFW,BTR,0600,,,,,78,,,383,,,0718,,,0,1,B,,,,,
2015,1,1,4,MQ,3079,N646MQ,JLN,DFW,0600,,,,,80,,,327,,,0720,,,0,1,B,,,,,
2015,1,1,4,MQ,3189,N532MQ,CID,DFW,0600,,,,,140,,,685,,,0820,,,0,1,B,,,,,
2015,1,1,4,MQ,3302,N649MQ,MLI,DFW,0600,,,,,145,,,691,,,0825,,,0,1,B,,,,,
2015,1,1,4,MQ,3338,N925MQ,GSP,DFW,0600,,,,,170,,,862,,,0750,,,0,1,B,,,,,
2015,1,1,4,MQ,3350,N830MQ,RDU,JFK,0600,0555,-5,32,0627,95,103,64,427,0731,7,0735,0738,3,0,0,,,,,,
2015,1,1,4,MQ,3355,N618MQ,CVG,MIA,0600,0556,-4,15,0611,153,150,123,948,0814,12,0833,0826,-7,0,0,,,,,,
2015,1,1,4,MQ,3251,N615MQ,MHK,DFW,0600,,,,,100,,,431,,,0740,,,0,1,B,,,,,
2015,1,1,4,MQ,3377,N631MQ,MOB,DFW,0600,,,,,110,,,539,,,0750,,,0,1,B,,,,,
2015,1,1,4,MQ,3441,N698MQ,TLH,DFW,0600,,,,,150,,,767,,,0730,,,0,1,B,,,,,
2015,1,1,4,MQ,3540,N602MQ,PNS,MIA,0600,0555,-5,18,0613,103,96,73,530,0826,5,0843,0831,-12,0,0,,,,,,
2015,1,1,4,MQ,3488,N620MQ,BHM,MIA,0600,0600,0,19,0619,117,112,87,661,0846,6,0857,0852,-5,0,0,,,,,,
2015,1,1,4,MQ,3597,N612MQ,CVG,DFW,0600,,,,,165,,,812,,,0745,,,0,1,B,,,,,
2015,1,1,4,MQ,3611,N902MQ,CAE,DFW,0600,,,,,185,,,922,,,0805,,,0,1,B,,,,,
2015,1,1,4,MQ,3678,N625MQ,TXK,DFW,0600,,,,,60,,,181,,,0700,,,0,1,B,,,,,
2015,1,1,4,NK,188,N505NK,OAK,LAS,0600,0551,-9,10,0601,83,84,68,407,0709,6,0723,0715,-8,0,0,,,,,,
2015,1,1,4,NK,925,N634NK,DFW,OAK,0600,0600,0,13,0613,238,209,188,1457,0721,8,0758,0729,-29,0,0,,,,,,
2015,1,1,4,NK,943,N605NK,ACY,RSW,0600,0742,102,10,0752,171,155,141,982,1013,4,0851,1017,86,0,0,,86,0,0,0,0
2015,1,1,4,NK,316,N601NK,DTW,LGA,0600,0558,-2,11,0609,98,158,67,502,0716,80,0738,0836,58,0,0,,58,0,0,0,0
2015,1,1,4,NK,972,N606NK,DFW,FLL,0600,0603,3,56,0659,159,191,131,1119,1010,4,0939,1014,35,0,0,,35,0,0,0,0
2015,1,1,4,OO,2622,N492SW,SMF,LAX,0600,0551,-9,31,0622,90,97,61,373,0723,5,0730,0728,-2,0,0,,,,,,
2015,1,1,4,OO,6360,N952SW,RAP,DEN,0600,0600,0,33,0633,82,90,49,300,0722,8,0722,0730,8,0,0,,,,,,
2015,1,1,4,OO,6369,N763SK,TUS,SFO,0600,0604,4,22,0626,134,136,108,751,0714,6,0714,0720,6,0,0,,,,,,
2015,1,1,4,OO,5330,N652BR,EAU,ORD,0600,0552,-8,9,0601,79,58,43,268,0644,6,0719,0650,-29,0,0,,,,,,
2015,1,1,4,OO,5292,N971SW,DLH,ORD,0600,0556,-4,31,0627,96,96,58,397,0725,7,0736,0732,-4,0,0,,,,,,
2015,1,1,4,OO,6276,N715SK,FSD,ORD,0600,0557,-3,27,0624,96,101,67,462,0731,7,0736,0738,2,0,0,,,,,,
2015,1,1,4,OO,6235,N114SY,AUS,SFO,0600,0556,-4,21,0617,249,237,213,1504,0750,3,0809,0753,-16,0,0,,,,,,
2015,1,1,4,OO,3489,N227AG,FAT,SEA,0600,0557,-3,22,0619,130,136,110,748,0809,4,0810,0813,3,0,0,,,,,,
2015,1,1,4,OO,3461,N223AG,ONT,PDX,0600,0550,-10,15,0605,147,138,119,838,0804,4,0827,0808,-19,0,0,,,,,,
2015,1,1,4,OO,7423,N427SW,INL,BRD,0600,0550,-10,31,0621,58,65,30,153,0651,4,0658,0655,-3,0,0,,,,,,
2015,1,1,4,OO,5318,N946SW,CMX,ORD,0600,,,,,87,,,359,,,0627,,,0,1,B,,,,,
2015,1,1,4,OO,5445,N579SW,SMF,SFO,0600,,,,,52,,,86,,,0652,,,0,1,A,,,,,
2015,1,1,4,OO,5242,N744SK,BOI,LAX,0600,0639,39,24,0703,130,121,89,674,0732,8,0710,0740,30,0,0,,0,0,30,0,0
2015,1,1,4,OO,5462,N929EV,SPI,ORD,0600,0604,4,20,0624,64,65,39,174,0703,6,0704,0709,5,0,0,,,,,,
2015,1,1,4,OO,5466,N568SW,CLD,LAX,0600,0654,54,48,0742,51,85,24,86,0806,13,0651,0819,88,0,0,,34,0,0,0,54
2015,1,1,4,OO,5550,N594SW,COD,DEN,0600,0559,-1,27,0626,93,93,58,391,0724,8,0733,0732,-1,0,0,,,,,,
2015,1,1,4,OO,5574,N563SW,FAT,SFO,0600,0600,0,40,0640,74,81,37,158,0717,4,0714,0721,7,0,0,,,,,,
2015,1,1,4,MQ,3221,N682MQ,CMH,MIA,0600,0555,-5,17,0612,166,160,137,990,0829,6,0846,0835,-11,0,0,,,,,,
2015,1,1,4,MQ,3224,N631MQ,LRD,DFW,0600,,,,,80,,,396,,,0720,,,0,1,B,,,,,
2015,1,1,4,OO,5522,N796SK,PSC,DEN,0600,0601,1,22,0623,142,145,115,852,0918,8,0922,0926,4,0,0,,,,,,
2015,1,1,4,OO,5592,N494CA,CPR,DEN,0600,0604,4,31,0635,72,77,39,230,0714,7,0712,0721,9,0,0,,,,,,
2015,1,1,4,OO,5604,N292SW,ACV,SFO,0600,0550,-10,29,0619,83,103,69,250,0728,5,0723,0733,10,0,0,,,,,,
2015,1,1,4,OO,5170,N791SK,DAL,IAH,0600,0622,22,12,0634,68,58,41,216,0715,5,0708,0720,12,0,0,,,,,,
2015,1,1,4,OO,5429,N958SW,PAH,ORD,0600,0551,-9,8,0559,93,79,66,342,0705,5,0733,0710,-23,0,0,,,,,,
2015,1,1,4,OO,5435,N976SW,PSC,SFO,0600,0556,-4,37,0633,127,130,89,620,0802,4,0807,0806,-1,0,0,,,,,,
2015,1,1,4,OO,6378,N767SK,CID,ORD,0600,0610,10,8,0618,68,57,43,196,0701,6,0708,0707,-1,0,0,,,,,,
2015,1,1,4,OO,6401,N740SK,EUG,SFO,0600,0557,-3,19,0616,96,92,69,451,0725,4,0736,0729,-7,0,0,,,,,,
2015,1,1,4,OO,6332,N708SK,DFW,DEN,0600,0556,-4,27,0623,125,138,100,641,0703,11,0705,0714,9,0,0,,,,,,
2015,1,1,4,OO,6346,N291SW,MRY,SFO,0600,0555,-5,13,0608,46,39,21,77,0629,5,0646,0634,-12,0,0,,,,,,
2015,1,1,4,OO,6465,N495CA,SLC,LAX,0600,0604,4,32,0636,132,122,85,590,0701,5,0712,0706,-6,0,0,,,,,,
2015,1,1,4,OO,7392,N438SW,ESC,DTW,0600,0558,-2,15,0613,87,68,47,306,0700,6,0727,0706,-21,0,0,,,,,,
2015,1,1,4,OO,6403,N983SW,MFR,SFO,0600,0557,-3,26,0623,89,86,55,329,0718,5,0729,0723,-6,0,0,,,,,,
2015,1,1,4,OO,6497,N913SW,FAT,DEN,0600,0559,-1,34,0633,145,179,132,844,0945,13,0925,0958,33,0,0,,33,0,0,0,0
2015,1,1,4,UA,576,N817UA,SFO,EWR,0601,0552,-9,17,0609,331,317,292,2565,1401,8,1432,1409,-23,0,0,,,,,,
2015,1,1,4,UA,1410,N76523,LAS,IAH,0601,0601,0,13,0614,175,168,149,1222,1043,6,1056,1049,-7,0,0,,,,,,
2015,1,1,4,UA,1689,N39461,EWR,SFO,0601,0602,1,11,0613,399,378,355,2565,0908,12,0940,0920,-20,0,0,,,,,,
2015,1,1,4,EV,6020,N11121,ISN,DEN,0601,0559,-2,29,0628,129,122,83,576,0651,10,0710,0701,-9,0,0,,,,,,
2015,1,1,4,HA,113,N486HA,HNL,LIH,0601,0557,-4,10,0607,37,39,23,102,0630,6,0638,0636,-2,0,0,,,,,,
2015,1,1,4,OO,5629,N726SK,PSP,SFO,0601,0632,31,11,0643,94,80,65,421,0748,4,0735,0752,17,0,0,,0,0,0,0,17
2015,1,1,4,OO,6420,N924SW,PSP,DEN,0601,0812,131,8,0820,131,144,107,776,1107,29,0912,1136,144,0,0,,13,0,0,0,131
2015,1,1,4,UA,223,N816UA,SAT,IAH,0602,0610,8,14,0624,58,50,31,191,0655,5,0700,0700,0,0,0,,,,,,
2015,1,1,4,UA,996,N406UA,LAX,EWR,0603,0603,0,16,0619,319,287,263,2454,1342,8,1422,1350,-32,0,0,,,,,,
2015,1,1,4,UA,1721,N75425,LAX,SFO,0603,0601,-2,13,0614,87,75,54,337,0708,8,0730,0716,-14,0,0,,,,,,
2015,1,1,4,EV,4390,N15986,CLE,IAD,0603,0558,-5,18,0616,82,86,44,288,0700,24,0725,0724,-1,0,0,,,,,,
2015,1,1,4,EV,5732,N833AS,CAE,IAD,0603,0605,2,21,0626,82,87,62,401,0728,4,0725,0732,7,0,0,,,,,,
2015,1,1,4,F9,756,N948FR,PHX,DEN,0603,0603,0,25,0628,107,111,79,602,0747,7,0750,0754,4,0,0,,,,,,
2015,1,1,4,UA,234,N838UA,SMF,IAH,0605,0613,8,29,0642,216,227,193,1609,1155,5,1141,1200,19,0,0,,11,0,8,0,0
2015,1,1,4,UA,415,N509UA,JFK,SFO,0605,0605,0,20,0625,404,400,368,2586,0933,12,0949,0945,-4,0,0,,,,,,
2015,1,1,4,US,647,N664AW,BOS,PHX,0605,0614,9,14,0628,369,373,355,2300,1023,4,1014,1027,13,0,0,,,,,,
2015,1,1,4,US,829,N723UW,BOS,CLT,0605,0601,-4,25,0626,147,148,120,728,0826,3,0832,0829,-3,0,0,,,,,,
2015,1,1,4,US,1743,N839AW,DTW,MIA,0605,0601,-4,12,0613,186,164,147,1145,0840,5,0911,0845,-26,0,0,,,,,,
2015,1,1,4,UA,1023,N73276,FLL,EWR,0605,0600,-5,13,0613,174,169,150,1065,0843,6,0859,0849,-10,0,0,,,,,,
2015,1,1,4,WN,2505,N467WN,GEG,DEN,0605,0604,-1,14,0618,140,132,111,836,0909,7,0925,0916,-9,0,0,,,,,,
2015,1,1,4,WN,239,N653SW,SAT,STL,0605,0559,-6,9,0608,120,104,91,786,0739,4,0805,0743,-22,0,0,,,,,,
2015,1,1,4,WN,474,N614SW,ONT,DEN,0605,0609,4,13,0622,140,136,116,819,0918,7,0925,0925,0,0,0,,,,,,
2015,1,1,4,UA,1245,N39726,CLE,EWR,0605,0602,-3,10,0612,91,73,55,404,0707,8,0736,0715,-21,0,0,,,,,,
2015,1,1,4,US,560,N663AW,DFW,PHX,0605,0612,7,15,0627,157,158,140,868,0747,3,0742,0750,8,0,0,,,,,,
2015,1,1,4,AA,310,N201AA,MFE,DFW,0605,,,,,95,,,469,,,0740,,,0,1,B,,,,,
2015,1,1,4,AA,375,N4WLAA,STL,DFW,0605,0557,-8,15,0612,120,111,90,550,0742,6,0805,0748,-17,0,0,,,,,,
2015,1,1,4,AA,378,N3BGAA,SJU,MIA,0605,0557,-8,17,0614,165,184,147,1045,0741,20,0750,0801,11,0,0,,,,,,
2015,1,1,4,AA,1291,N4XYAA,MKE,DFW,0605,0605,0,14,0619,175,164,138,853,0837,12,0900,0849,-11,0,0,,,,,,
2015,1,1,4,AS,320,N622AS,SEA,SFO,0605,0602,-3,21,0623,125,125,97,679,0800,7,0810,0807,-3,0,0,,,,,,
2015,1,1,4,AS,602,N407AS,SEA,LAS,0605,0602,-3,23,0625,140,143,115,867,0820,5,0825,0825,0,0,0,,,,,,
2015,1,1,4,B6,233,N247JB,BTV,JFK,0605,0553,-12,12,0605,88,84,50,266,0655,22,0733,0717,-16,0,0,,,,,,
2015,1,1,4,B6,601,N559JB,JFK,FLL,0605,0603,-2,17,0620,188,188,148,1069,0848,23,0913,0911,-2,0,0,,,,,,
2015,1,1,4,B6,735,N821JB,SFO,LGB,0605,0557,-8,13,0610,81,75,59,354,0709,3,0726,0712,-14,0,0,,,,,,
2015,1,1,4,B6,922,N809JB,PBI,BOS,0605,0621,16,13,0634,172,184,163,1197,0917,8,0857,0925,28,0,0,,12,0,16,0,0
2015,1,1,4,B6,1184,N641JB,MCO,JFK,0605,0600,-5,17,0617,146,161,129,944,0826,15,0831,0841,10,0,0,,,,,,
2015,1,1,4,B6,1434,N503JB,SJU,MCO,0605,0738,93,12,0750,188,183,165,1189,0935,6,0813,0941,88,0,0,,0,0,0,88,0
2015,1,1,4,DL,1065,N975DL,BDL,ATL,0605,0601,-4,14,0615,172,150,130,859,0825,6,0857,0831,-26,0,0,,,,,,
2015,1,1,4,DL,1456,N3759,RDU,ATL,0605,0701,56,11,0712,90,73,57,356,0809,5,0735,0814,39,0,0,,0,0,39,0,0
2015,1,1,4,DL,1723,N336NB,SFO,SLC,0605,0604,-1,15,0619,109,108,88,599,0847,5,0854,0852,-2,0,0,,,,,,
2015,1,1,4,EV,4642,N14143,TUS,IAH,0605,0613,8,29,0642,142,153,117,936,0939,7,0927,0946,19,0,0,,11,0,8,0,0
2015,1,1,4,EV,4928,N933EV,PIA,ATL,0605,0600,-5,9,0609,116,97,83,565,0832,5,0901,0837,-24,0,0,,,,,,
2015,1,1,4,F9,609,N223FR,IND,DEN,0605,0556,-9,9,0605,177,167,150,977,0635,8,0702,0643,-19,0,0,,,,,,
2015,1,1,4,F9,821,N920FR,MCI,DEN,0605,0607,2,13,0620,109,113,93,533,0653,7,0654,0700,6,0,0,,,,,,
2015,1,1,4,F9,133,N951FR,DFW,DEN,0605,0702,57,18,0720,122,117,91,641,0751,8,0707,0759,52,0,0,,0,0,52,0,0
2015,1,1,4,MQ,2881,N907MQ,FSM,DFW,0605,,,,,70,,,227,,,0715,,,0,1,B,,,,,
2015,1,1,4,MQ,2771,N667MQ,AEX,DFW,0605,,,,,80,,,285,,,0725,,,0,1,B,,,,,
2015,1,1,4,MQ,3288,N838MQ,SPS,DFW,0605,,,,,45,,,113,,,0650,,,0,1,B,,,,,
2015,1,1,4,MQ,3328,N640MQ,ACT,DFW,0605,,,,,45,,,89,,,0650,,,0,1,B,,,,,
2015,1,1,4,MQ,3408,N625MQ,SJT,DFW,0605,,,,,60,,,229,,,0705,,,0,1,B,,,,,
2015,1,1,4,MQ,3643,N923MQ,JAN,DFW,0605,,,,,100,,,408,,,0745,,,0,1,B,,,,,
2015,1,1,4,HA,286,N480HA,HNL,OGG,0605,0600,-5,12,0612,36,40,22,100,0634,6,0641,0640,-1,0,0,,,,,,
2015,1,1,4,OO,5181,N788SK,OKC,LAX,0605,0602,-3,40,0642,199,211,165,1187,0727,6,0724,0733,9,0,0,,,,,,
2015,1,1,4,OO,6499,N945SW,FAR,DEN,0605,0610,5,32,0642,141,133,87,627,0709,14,0726,0723,-3,0,0,,,,,,
2015,1,1,4,UA,1160,N76522,SFO,IAH,0606,0601,-5,13,0614,233,236,199,1635,1133,24,1159,1157,-2,0,0,,,,,,
2015,1,1,4,UA,1601,N37466,EWR,FLL,0606,0558,-8,13,0611,189,160,143,1065,0834,4,0915,0838,-37,0,0,,,,,,
2015,1,1,4,OO,6461,N959SW,MTJ,DEN,0606,0559,-7,29,0628,69,78,39,196,0707,10,0715,0717,2,0,0,,,,,,
2015,1,1,4,NK,606,N623NK,RSW,DTW,0607,0601,-6,14,0615,166,179,155,1084,0850,10,0853,0900,7,0,0,,,,,,
2015,1,1,4,OO,7389,N561SW,GCC,RKS,0607,0602,-5,12,0614,77,73,57,261,0711,4,0724,0715,-9,0,0,,,,,,
2015,1,1,4,UA,220,N813UA,MSY,EWR,0608,0606,-2,12,0618,172,160,140,1167,0938,8,1000,0946,-14,0,0,,,,,,
2015,1,1,4,UA,654,N422UA,ORD,MCO,0608,0603,-5,11,0614,163,147,127,1005,0921,9,0951,0930,-21,0,0,,,,,,
2015,1,1,4,EV,6119,N16951,RIC,ORD,0608,0608,0,12,0620,137,141,123,642,0723,6,0725,0729,4,0,0,,,,,,
2015,1,1,4,OO,5456,N920SW,RDM,SFO,0608,0559,-9,14,0613,102,88,68,462,0721,6,0750,0727,-23,0,0,,,,,,
2015,1,1,4,HA,205,N484HA,OGG,HNL,0609,0601,-8,8,0609,32,36,23,100,0632,5,0641,0637,-4,0,0,,,,,,
2015,1,1,4,OO,4494,N431SW,SJC,SLC,0609,0559,-10,31,0630,122,144,106,584,0916,7,0911,0923,12,0,0,,,,,,
2015,1,1,4,OO,5370,N979SW,ORD,MBS,0610,0607,-3,13,0620,66,56,37,222,0757,6,0816,0803,-13,0,0,,,,,,
2015,1,1,4,US,1709,N677AW,EWR,CLT,0610,0616,6,29,0645,121,130,95,529,0820,6,0811,0826,15,0,0,,9,0,6,0,0
2015,1,1,4,WN,828,N8303R,PHX,BWI,0610,0610,0,12,0622,250,226,210,1999,1152,4,1220,1156,-24,0,0,,,,,,
2015,1,1,4,UA,1632,N37464,SEA,IAD,0610,0605,-5,13,0618,294,270,252,2306,1330,5,1404,1335,-29,0,0,,,,,,
2015,1,1,4,UA,1725,N72405,LAS,SFO,0610,0606,-4,13,0619,96,80,62,414,0721,5,0746,0726,-20,0,0,,,,,,
2015,1,1,4,AA,168,N5BSAA,DFW,MIA,0610,0603,-7,10,0613,163,152,129,1121,0922,13,0953,0935,-18,0,0,,,,,,
2015,1,1,4,AA,1315,N424AA,BNA,DFW,0610,,,,,135,,,631,,,0825,,,0,1,B,,,,,
2015,1,1,4,AA,1336,N3LCAA,PHX,DFW,0610,0603,-7,18,0621,135,136,108,868,0909,10,0925,0919,-6,0,0,,,,,,
2015,1,1,4,AA,1619,N3AMAA,BOS,MIA,0610,0605,-5,13,0618,216,204,179,1258,0917,12,0946,0929,-17,0,0,,,,,,
2015,1,1,4,AA,1686,N4XXAA,LAX,STL,0610,0609,-1,19,0628,215,205,183,1592,1131,3,1145,1134,-11,0,0,,,,,,
2015,1,1,4,AS,345,N469AS,OAK,SEA,0610,0608,-2,13,0621,119,113,95,671,0756,5,0809,0801,-8,0,0,,,,,,
2015,1,1,4,AS,454,N442AS,SEA,LAX,0610,0611,1,19,0630,155,150,122,954,0832,9,0845,0841,-4,0,0,,,,,,
2015,1,1,4,B6,57,N348JB,BOS,IAD,0610,0603,-7,18,0621,111,94,73,413,0734,3,0801,0737,-24,0,0,,,,,,
2015,1,1,4,B6,24,N923JB,LAX,JFK,0610,0620,10,10,0630,314,293,279,2475,1409,4,1424,1413,-11,0,0,,,,,,
2015,1,1,4,B6,1279,N355JB,DCA,FLL,0610,0603,-7,16,0619,155,148,126,899,0825,6,0845,0831,-14,0,0,,,,,,
2015,1,1,4,B6,1836,N281JB,DTW,BOS,0610,0603,-7,12,0615,118,90,74,632,0729,4,0808,0733,-35,0,0,,,,,,
2015,1,1,4,AA,1361,N3KYAA,BNA,LAX,0610,0607,-3,10,0617,285,280,255,1797,0832,15,0855,0847,-8,0,0,,,,,,
2015,1,1,4,DL,327,N692DL,PHL,ATL,0610,0608,-2,16,0624,155,126,103,666,0807,7,0845,0814,-31,0,0,,,,,,
2015,1,1,4,DL,1492,N819DN,PHX,MSP,0610,0756,106,20,0816,186,173,145,1276,1141,8,1016,1149,93,0,0,,0,0,0,0,93
2015,1,1,4,B6,1554,N760JB,SJU,FLL,0610,0625,15,13,0638,163,167,147,1046,0805,7,0753,0812,19,0,0,,4,0,15,0,0
2015,1,1,4,EV,4556,N41104,VPS,IAH,0610,0607,-3,11,0618,119,119,99,528,0757,9,0809,0806,-3,0,0,,,,,,
2015,1,1,4,EV,6071,N14186,GUC,DEN,0610,0617,7,19,0636,59,64,34,152,0710,11,0709,0721,12,0,0,,,,,,
2015,1,1,4,F9,1252,N910FR,MIA,LGA,0610,0648,38,16,0704,175,177,147,1096,0931,14,0905,0945,40,0,0,,26,0,14,0,0
2015,1,1,4,MQ,3323,N613MQ,RIC,MIA,0610,0609,-1,19,0628,161,147,123,825,0831,5,0851,0836,-15,0,0,,,,,,
2015,1,1,4,MQ,3601,N530MQ,DTW,LGA,0610,0603,-7,12,0615,105,87,68,502,0723,7,0755,0730,-25,0,0,,,,,,
2015,1,1,4,MQ,3551,N663MQ,ORF,MIA,0610,0605,-5,25,0630,156,157,128,802,0838,4,0846,0842,-4,0,0,,,,,,
2015,1,1,4,OO,5572,N970SW,MOT,DEN,0610,0600,-10,20,0620,133,114,84,604,0644,10,0723,0654,-29,0,0,,,,,,
2015,1,1,4,AA,1312,N021AA,STL,MIA,0611,0603,-8,13,0616,169,149,127,1068,0923,9,1000,0932,-28,0,0,,,,,,
2015,1,1,4,B6,269,N834JB,BOS,FLL,0611,0607,-4,17,0624,213,197,174,1237,0918,6,0944,0924,-20,0,0,,,,,,
2015,1,1,4,EV,4506,N12552,MLU,IAH,0612,0641,29,3,0644,73,72,58,262,0742,11,0725,0753,28,0,0,,28,0,0,0,0
2015,1,1,4,OO,5337,N961SW,MAF,DEN,0612,,,,,116,,,563,,,0708,,,0,1,B,,,,,
2015,1,1,4,NK,562,N510NK,LAX,LAS,0613,0608,-5,14,0622,68,64,44,236,0706,6,0721,0712,-9,0,0,,,,,,
2015,1,1,4,UA,416,N496UA,PDX,ORD,0614,0612,-2,10,0622,235,224,207,1739,1149,7,1209,1156,-13,0,0,,,,,,
2015,1,1,4,B6,1403,N763JB,JFK,SJU,0614,0612,-2,15,0627,223,202,182,1598,1029,5,1057,1034,-23,0,0,,,,,,
2015,1,1,4,HA,107,N476HA,KOA,HNL,0614,0620,6,11,0631,42,47,30,163,0701,6,0656,0707,11,0,0,,,,,,
2015,1,1,4,OO,4681,N783CA,EUG,SLC,0614,0607,-7,18,0625,115,112,90,618,0855,4,0909,0859,-10,0,0,,,,,,
2015,1,1,4,US,1754,N815AW,RNO,PHX,0615,0605,-10,24,0629,107,112,84,601,0853,4,0902,0857,-5,0,0,,,,,,
2015,1,1,4,US,1789,N543UW,PHX,CLT,0615,0629,14,12,0641,228,207,183,1773,1144,12,1203,1156,-7,0,0,,,,,,
2015,1,1,4,WN,1966,N466WN,CMH,ATL,0615,0831,136,13,0844,110,90,65,447,0949,12,0805,1001,116,0,0,,0,0,116,0,0
2015,1,1,4,WN,2351,N7728D,HOU,ATL,0615,0612,-3,7,0619,110,106,91,696,0850,8,0905,0858,-7,0,0,,,,,,
2015,1,1,4,WN,137,N621SW,HOU,PHX,0615,0613,-2,9,0622,175,173,160,1020,0802,4,0810,0806,-4,0,0,,,,,,
2015,1,1,4,AA,1125,N3KCAA,DTW,DFW,0615,,,,,185,,,986,,,0820,,,0,1,B,,,,,
2015,1,1,4,AA,1165,N3ACAA,BOS,JFK,0615,0613,-2,16,0629,75,64,44,187,0713,4,0730,0717,-13,0,0,,,,,,
2015,1,1,4,AA,1581,N3KGAA,DFW,DCA,0615,,,,,164,,,1192,,,0959,,,0,1,B,,,,,
2015,1,1,4,AA,2253,N437AA,MSP,DFW,0615,0618,3,19,0637,165,156,128,852,0845,9,0900,0854,-6,0,0,,,,,,
2015,1,1,4,AS,504,N627AS,SEA,SNA,0615,0609,-6,22,0631,155,156,129,978,0840,5,0850,0845,-5,0,0,,,,,,
2015,1,1,4,B6,99,N274JB,BDL,DCA,0615,0607,-8,13,0620,100,85,67,313,0727,5,0755,0732,-23,0,0,,,,,,
2015,1,1,4,B6,962,N709JB,SJU,BOS,0615,0731,76,12,0743,247,261,244,1674,1047,5,0922,1052,90,0,0,,14,0,76,0,0
2015,1,1,4,B6,2006,N566JB,FLL,EWR,0615,0615,0,20,0635,165,173,148,1065,0903,5,0900,0908,8,0,0,,,,,,
2015,1,1,4,DL,828,N910AT,MOB,ATL,0615,0613,-2,8,0621,68,57,43,302,0804,6,0823,0810,-13,0,0,,,,,,
2015,1,1,4,DL,978,N693DL,SAN,SLC,0615,0611,-4,20,0631,121,115,89,626,0900,6,0916,0906,-10,0,0,,,,,,
2015,1,1,4,DL,985,N352NW,LAS,SLC,0615,0609,-6,13,0622,86,79,60,368,0822,6,0841,0828,-13,0,0,,,,,,
2015,1,1,4,DL,1275,N920DN,DCA,DTW,0615,0609,-6,25,0634,100,109,73,405,0747,11,0755,0758,3,0,0,,,,,,
2015,1,1,4,DL,2384,N361NB,SMF,SLC,0615,0608,-7,36,0644,98,121,80,532,0904,5,0853,0909,16,0,0,,16,0,0,0,0
2015,1,1,4,DL,1610,N385DN,DEN,DTW,0615,0613,-2,15,0628,184,142,121,1123,1029,6,1119,1035,-44,0,0,,,,,,
2015,1,1,4,DL,1866,N827DN,SFO,ATL,0615,0616,1,11,0627,270,266,251,2139,1338,4,1345,1342,-3,0,0,,,,,,
2015,1,1,4,DL,1919,N321NB,LGA,MSP,0615,0611,-4,13,0624,189,189,172,1020,0816,4,0824,0820,-4,0,0,,,,,,
2015,1,1,4,EV,2522,N879AS,LAW,DFW,0615,1219,364,27,1246,55,67,30,140,1316,10,0710,1326,376,0,0,,12,0,364,0,0
2015,1,1,4,EV,2512,N901EV,BRO,DFW,0615,0604,-11,9,0613,95,82,68,482,0721,5,0750,0726,-24,0,0,,,,,,
2015,1,1,4,EV,2572,N876AS,PIB,MEI,0615,0607,-8,24,0631,45,42,15,69,0646,3,0700,0649,-11,0,0,,,,,,
2015,1,1,4,EV,4531,N14204,CHS,IAH,0615,0623,8,27,0650,172,200,163,925,0833,10,0807,0843,36,0,0,,28,0,8,0,0
2015,1,1,4,EV,4655,N13202,MEM,IAH,0615,0621,6,13,0634,110,113,88,468,0802,12,0805,0814,9,0,0,,,,,,
2015,1,1,4,EV,5123,N847AS,MGM,ATL,0615,0609,-6,13,0622,51,45,27,147,0749,5,0806,0754,-12,0,0,,,,,,
2015,1,1,4,F9,582,N221FR,SLC,DEN,0615,0617,2,33,0650,92,104,64,391,0754,7,0747,0801,14,0,0,,,,,,
2015,1,1,4,F9,439,N931FR,OMA,DEN,0615,0609,-6,19,0628,105,99,73,472,0641,7,0700,0648,-12,0,0,,,,,,
2015,1,1,4,MQ,2958,N657MQ,FAR,DFW,0615,,,,,180,,,968,,,0915,,,0,1,B,,,,,
2015,1,1,4,MQ,3432,N546MQ,DCA,JFK,0615,0859,164,10,0909,63,60,41,213,0950,9,0718,0959,161,0,0,,0,46,115,0,0
2015,1,1,4,MQ,3613,N932MQ,MSN,DFW,0615,,,,,160,,,821,,,0855,,,0,1,B,,,,,
2015,1,1,4,MQ,3568,N528MQ,CMH,LGA,0615,0610,-5,11,0621,95,80,63,479,0724,6,0750,0730,-20,0,0,,,,,,
2015,1,1,4,OO,5348,N562SW,SBP,LAX,0615,0613,-2,21,0634,71,64,37,156,0711,6,0726,0717,-9,0,0,,,,,,
2015,1,1,4,OO,5256,N789SK,COS,IAH,0615,0614,-1,32,0646,139,153,116,809,0942,5,0934,0947,13,0,0,,,,,,
2015,1,1,4,OO,4747,N810SK,OAK,SLC,0615,0612,-3,10,0622,110,112,95,588,0857,7,0905,0904,-1,0,0,,,,,,
